key,English,Afrikaans,screen,notes
metadata.title,empowermint SSP,empowermint SSP,metadata,
metadata.description,empowermint Smart Study Planner,empowermint Smart Study Planner,metadata,
common.pleaseWait,Please wait…,Wag net…,common,
common.back,Back,Terug,common,
common.forward,Forward,Vorentoe,common,
common.close,Close,Maak toe,common,
language.label,Language · Taal,Language · Taal,language,
language.title,Language / Taal,Language / Taal,language,
language.open,Language / Taal,Language / Taal,language,
language.changed,Language changed to {language},Taal verander na {language},language,Shown as a toast after switching language. | Keep: {language}
notice.aria,New language available,Nuwe taal beskikbaar,notice,
notice.headline,New: the planner is now available in {language}.,Nuut: die planner is nou in {language} beskikbaar.,notice,Keep: {language}
notice.switch,Switch to {language},Skakel oor na {language},notice,Keep: {language}
notice.notNow,Not now,Nie nou nie,notice,
welcome.title,The smart study planner,Die slim studieplanner,welcome,
welcome.tagline,"Believe you can, plan how you will","Glo jy kan, beplan hoe jy sal",welcome,"Brand tagline - supplied by the team: ""Glo jy kan, beplan hoe jy sal""."
welcome.start,start my planner,begin my planner,welcome,
welcome.haveAccount,Already have an account? Log in here,Het jy al 'n rekening? Teken hier in,welcome,
auth.signOut,Sign out,Teken uit,auth,
auth.phone.country,Country,Land,auth,
auth.phone.placeholder,83 123 4567,83 123 4567,auth,
auth.password.show,Show password,Wys wagwoord,auth,
auth.password.hide,Hide password,Versteek wagwoord,auth,
auth.changePassword.newPassword,New password,Nuwe wagwoord,auth,
auth.changePassword.update,Update password,Verander wagwoord,auth,
auth.changePassword.success,Password updated.,Wagwoord verander.,auth,
auth.login.title,"Welcome
back.","Welkom
terug.",auth,Contains a line break (\n).
auth.login.subtitle,Good to see you again.,Lekker om jou weer te sien.,auth,
auth.login.mobileLabel,Mobile number,Selfoonnommer,auth,
auth.login.passwordLabel,Password,Wagwoord,auth,
auth.login.passwordPlaceholder,Enter your password,Tik jou wagwoord in,auth,
auth.login.submit,Log in,Teken in,auth,
auth.login.forgot,Forgot password?,Wagwoord vergeet?,auth,
auth.login.newHere,New here? Start my planner,Nuut hier? Begin my planner,auth,
auth.login.invalid,Username or password incorrect. Try again.,Gebruikersnaam of wagwoord is verkeerd. Probeer weer.,auth,
auth.register.step,STEP 1 OF 2,STAP 1 VAN 2,auth,
auth.register.title,Let's set you up.,Kom ons stel jou op.,auth,
auth.register.intro,This is yours. Just the basics to get started.,Dit is joune. Net die basiese goed om te begin.,auth,
auth.register.usernameLabel,Username,Gebruikersnaam,auth,
auth.register.usernamePlaceholder,e.g. thabo_m,bv. thabo_m,auth,
auth.register.mobileLabel,Mobile number,Selfoonnommer,auth,
auth.register.passwordLabel,Password,Wagwoord,auth,
auth.register.passwordPlaceholder,Min 6 characters,Minstens 6 karakters,auth,
auth.register.continue,Continue,Gaan voort,auth,
auth.register.footnote,Your mobile number is how you'll log in from now on.,Jy teken voortaan met jou selfoonnommer in.,auth,
auth.register.usernameRequired,Please enter a username.,Tik asseblief 'n gebruikersnaam in.,auth,
auth.register.mobileRequired,Please enter your mobile number.,Tik asseblief jou selfoonnommer in.,auth,
auth.register.mobileInvalid,Enter a valid mobile number for the selected country.,Tik 'n geldige selfoonnommer in vir die gekose land.,auth,
auth.register.passwordRequired,Please enter a password.,Tik asseblief 'n wagwoord in.,auth,
auth.register.passwordShort,Password must be at least 6 characters.,Die wagwoord moet minstens 6 karakters lank wees.,auth,
auth.register.mobileTaken,This number is already registered.,Hierdie nommer is reeds geregistreer.,auth,
auth.register.loginInstead,Log in instead,Teken eerder in,auth,
auth.step2.title,Almost done,Amper klaar,auth,
auth.step2.subtitle,We just need an email to confirm your account.,Ons het net 'n e-pos nodig om jou rekening te bevestig.,auth,
auth.step2.emailLabel,Parent's email,Ouer se e-pos,auth,
auth.step2.emailHelp,Used once to confirm this account. You won't need it to log in.,Word een keer gebruik om hierdie rekening te bevestig. Jy het dit nie nodig om in te teken nie.,auth,
auth.step2.submit,Create account,Skep rekening,auth,
auth.step2.emailTaken,"That email is already registered. Try logging in, or use a different email.","Daardie e-pos is reeds geregistreer. Probeer inteken, of gebruik 'n ander e-pos.",auth,
auth.step2.numberTaken,That mobile number is already registered.,Daardie selfoonnommer is reeds geregistreer.,auth,
auth.step2.checkTitle,Check your email,Kyk in jou e-pos,auth,
auth.step2.checkSubtitle,We've sent you a confirmation link.,Ons het 'n bevestigingskakel aan jou gestuur.,auth,
auth.step2.checkBody,"Click the link in the email to confirm your account. After that, log in using your mobile number and password.",Klik op die skakel in die e-pos om jou rekening te bevestig. Daarna teken jy in met jou selfoonnommer en wagwoord.,auth,
auth.step2.backToLogin,Back to log in,Terug na inteken,auth,
auth.institution.label,Institution,Instansie,auth,
auth.institution.school,School,Skool,auth,
auth.institution.uni,Uni / Other,Universiteit / Ander,auth,
auth.institution.schoolName,Name of school,Naam van skool,auth,
auth.institution.uniName,Name of uni / other,Naam van universiteit / ander,auth,
auth.institution.grade,Grade,Graad,auth,
auth.institution.year,Year of study,Studiejaar,auth,
auth.institution.select,Select…,Kies…,auth,
auth.institution.options.g8,Grade 8,Graad 8,auth,
auth.institution.options.g9,Grade 9,Graad 9,auth,
auth.institution.options.g10,Grade 10,Graad 10,auth,
auth.institution.options.g11,Grade 11,Graad 11,auth,
auth.institution.options.g12,Grade 12,Graad 12,auth,
auth.institution.options.y1,1st year,1ste jaar,auth,
auth.institution.options.y2,2nd year,2de jaar,auth,
auth.institution.options.y3,3rd year,3de jaar,auth,
auth.institution.options.y4,4th year,4de jaar,auth,
auth.institution.options.postgrad,Postgraduate,Nagraads,auth,
auth.forgot.title,Forgot password?,Wagwoord vergeet?,auth,
auth.forgot.subtitle,We'll send a reset link to the email on file for your account.,Ons stuur 'n herstelskakel na die e-pos wat vir jou rekening aangeteken is.,auth,
auth.forgot.mobileLabel,Mobile number,Selfoonnommer,auth,
auth.forgot.submit,Send reset link,Stuur herstelskakel,auth,
auth.forgot.noAccount,No account found with that mobile number,Geen rekening gevind met daardie selfoonnommer nie,auth,
auth.forgot.checkTitle,Check your email,Kyk in jou e-pos,auth,
auth.forgot.checkSubtitle,We've sent a password reset link.,Ons het 'n wagwoordherstelskakel gestuur.,auth,
auth.forgot.checkBody,Click the link in the email to choose a new password.,Klik op die skakel in die e-pos om 'n nuwe wagwoord te kies.,auth,
auth.forgot.back,Back to log in,Terug na inteken,auth,
auth.reset.title,Choose a new password,Kies 'n nuwe wagwoord,auth,
auth.reset.subtitle,Enter a new password for your account.,Tik 'n nuwe wagwoord vir jou rekening in.,auth,
auth.reset.newPassword,New password,Nuwe wagwoord,auth,
auth.reset.submit,Update password,Verander wagwoord,auth,
auth.reset.expiredTitle,Link expired,Skakel het verval,auth,
auth.reset.expiredSubtitle,This reset link is invalid or has already been used.,Hierdie herstelskakel is ongeldig of is reeds gebruik.,auth,
auth.reset.requestNew,Request a new reset link,Vra 'n nuwe herstelskakel aan,auth,
auth.callback.expiredTitle,Link expired,Skakel het verval,auth,
auth.callback.expiredSubtitle,This link is invalid or has already been used.,Hierdie skakel is ongeldig of is reeds gebruik.,auth,
auth.callback.requestNew,Request a new reset link,Vra 'n nuwe herstelskakel aan,auth,
auth.parentConfirmed.okTitle,You're all set.,Alles is reg.,auth,
auth.parentConfirmed.okBody,You'll get a short weekly summary of their studying — nothing more.,Jy sal 'n kort weeklikse opsomming van hul studies kry – niks meer nie.,auth,
auth.parentConfirmed.expiredTitle,Link expired,Skakel het verval,auth,
auth.parentConfirmed.expiredBody,This confirmation link is invalid or has already been used.,Hierdie bevestigingskakel is ongeldig of is reeds gebruik.,auth,
auth.parentUnsubscribed.okTitle,You're unsubscribed,Jy is uitgeteken,auth,
auth.parentUnsubscribed.okBody,You won't get any more weekly updates. Your child can re-add you from their account settings any time.,Jy sal nie meer weeklikse opdaterings kry nie. Jou kind kan jou enige tyd weer byvoeg onder hul rekeninginstellings.,auth,
auth.parentUnsubscribed.expiredTitle,Link expired,Skakel het verval,auth,
auth.parentUnsubscribed.expiredBody,This link is invalid or has already been used.,Hierdie skakel is ongeldig of is reeds gebruik.,auth,
errors.generic,Something went wrong. Please try again.,Iets het skeefgeloop. Probeer asseblief weer.,errors,
errors.auth.invalidCredentials,Username or password incorrect. Try again.,Gebruikersnaam of wagwoord is verkeerd. Probeer weer.,errors,
errors.auth.alreadyRegistered,"That email is already registered. Try logging in, or use a different email.","Daardie e-pos is reeds geregistreer. Probeer inteken, of gebruik 'n ander e-pos.",errors,
errors.auth.rateLimited,Too many attempts. Please wait a moment and try again.,Te veel pogings. Wag 'n oomblik en probeer weer.,errors,
errors.auth.passwordShort,Password must be at least 6 characters.,Die wagwoord moet minstens 6 karakters lank wees.,errors,
errors.auth.samePassword,Your new password must be different from your old one.,Jou nuwe wagwoord moet anders wees as jou ou een.,errors,
errors.auth.invalidEmail,Please enter a valid email address.,Tik asseblief 'n geldige e-posadres in.,errors,
errors.auth.emailNotConfirmed,"Please confirm your email first, then log in.","Bevestig asseblief eers jou e-pos, en teken dan in.",errors,
errors.auth.network,Couldn't connect. Check your internet and try again.,Kon nie koppel nie. Kyk na jou internet en probeer weer.,errors,
errors.auth.mobileTaken,That mobile number is already registered to another account.,Daardie selfoonnommer is reeds by 'n ander rekening geregistreer.,errors,
errors.auth.noAccount,No account found with that mobile number,Geen rekening gevind met daardie selfoonnommer nie,errors,
errors.auth.notSignedIn,Not signed in.,Nie aangeteken nie.,errors,
errors.auth.saveEmail,Could not save that email. Try again.,Kon nie daardie e-pos stoor nie. Probeer weer.,errors,
errors.retry,Retry,Probeer weer,errors,
presets.accounting,Accounting,Rekeningkunde,presets,
presets.afrikaansFal,Afrikaans FAL,Afrikaans Eerste Addisionele Taal,presets,
presets.afrikaansHl,Afrikaans HL,Afrikaans Huistaal,presets,
presets.agriculturalSciences,Agricultural Sciences,Landbouwetenskappe,presets,
presets.biology,Biology,Biologie,presets,
presets.businessStudies,Business Studies,Besigheidstudies,presets,
presets.cat,CAT,Rekenaartoepassingstegnologie,presets,
presets.consumerStudies,Consumer Studies,Verbruikerstudies,presets,
presets.dramaticArts,Dramatic Arts,Dramatiese Kunste,presets,
presets.economics,Economics,Ekonomie,presets,
presets.engineeringGraphicsDesign,Engineering Graphics & Design,Ingenieursgrafika en -ontwerp,presets,
presets.englishFal,English FAL,Engels Eerste Addisionele Taal,presets,
presets.englishHl,English HL,Engels Huistaal,presets,
presets.geography,Geography,Geografie,presets,
presets.history,History,Geskiedenis,presets,
presets.informationTechnology,Information Technology,Inligtingstegnologie,presets,
presets.lifeOrientation,Life Orientation,Lewensoriëntering,presets,
presets.lifeSciences,Life Sciences,Lewenswetenskappe,presets,
presets.mathematicalLiteracy,Mathematical Literacy,Wiskundige Geletterdheid,presets,
presets.mathematics,Mathematics,Wiskunde,presets,
presets.music,Music,Musiek,presets,
presets.physicalSciences,Physical Sciences,Fisiese Wetenskappe,presets,
presets.religionStudies,Religion Studies,Godsdienstudies,presets,
presets.sepediHl,Sepedi HL,Sepedi Huistaal,presets,
presets.setswanaHl,Setswana HL,Setswana Huistaal,presets,
presets.tourism,Tourism,Toerisme,presets,
presets.visualArts,Visual Arts,Visuele Kunste,presets,
presets.xhosaHl,Xhosa HL,isiXhosa Huistaal,presets,
presets.zuluHl,Zulu HL,isiZulu Huistaal,presets,
subjects.eyebrow,BUILD YOUR SUBJECT LIST,BOU JOU VAKLYS,subjects,
subjects.title,What are you studying?,Wat studeer jy?,subjects,
subjects.searchLabel,Search or select a subject,Soek of kies 'n vak,subjects,
subjects.searchPlaceholder,e.g. Mathematics,bv. Wiskunde,subjects,
subjects.customPlaceholder,Your subject name,Jou vak se naam,subjects,
subjects.add,Add,Voeg by,subjects,
subjects.addOwn,+ Add my own subject,+ Voeg my eie vak by,subjects,
subjects.saving,Saving…,Stoor tans…,subjects,
subjects.next,Next: rank these,Volgende: rangskik hierdie,subjects,
subjects.saveError,Could not save your subjects. Try again.,Kon nie jou vakke stoor nie. Probeer weer.,subjects,
subjects.remove,Remove {subject},Verwyder {subject},subjects,Keep: {subject}
ranking.eyebrow,BE HONEST — THIS DRIVES YOUR PLAN,WEES EERLIK – DIT BEPAAL JOU PLAN,ranking,
ranking.title,How confident are you in each?,Hoe selfversekerd voel jy oor elkeen?,ranking,"Original: ""How confident are you in each?"""
ranking.scale,1 = weakest  ·  5 = strongest,1 = swakste  ·  5 = sterkste,ranking,"Literal translation of ""weakest/strongest"" - check tone. Same text in manage.scale."
ranking.scoreAria,{subject}: confidence {score},{subject}: selfvertroue {score},ranking,Keep: {subject} {score}
ranking.saving,Saving…,Stoor tans…,ranking,
ranking.next,Next: exam dates,Volgende: eksamendatums,ranking,
ranking.saveError,Could not save your rankings. Try again.,Kon nie jou rangskikking stoor nie. Probeer weer.,ranking,
examDates.eyebrow,LAST STEP,LAASTE STAP,examDates,
examDates.title,When is each exam?,Wanneer is elke eksamen?,examDates,
examDates.intro,"Tap a subject to add an exam date. You can add more than one, like a term test and the final.","Tik op 'n vak om 'n eksamendatum by te voeg. Jy kan meer as een byvoeg, soos 'n kwartaaltoets en die eindeksamen.",examDates,
examDates.minDate,Exam dates must be at least tomorrow - please pick a later date.,Eksamendatums moet minstens môre wees – kies asseblief 'n later datum.,examDates,
examDates.addError,Could not add that date. Try again.,Kon nie daardie datum byvoeg nie. Probeer weer.,examDates,
examDates.removeError,Could not remove that date. Try again.,Kon nie daardie datum verwyder nie. Probeer weer.,examDates,
examDates.generateError,Could not generate your plan. Try again.,Kon nie jou plan skep nie. Probeer weer.,examDates,
examDates.adding,Adding…,Voeg tans by…,examDates,
examDates.addDate,+ Add date,+ Voeg datum by,examDates,
examDates.removeAria,Remove {date} for {subject},Verwyder {date} vir {subject},examDates,Keep: {date} {subject}
examDates.stillNeed,"{count, plural, one {Still needs a date: {subjects}.} other {Still need a date: {subjects}.}}","{count, plural, one {Nog 'n datum nodig vir: {subjects}.} other {Nog datums nodig vir: {subjects}.}}",examDates,Keep: {count} plural {subjects}
examDates.generating,Generating…,Skep tans…,examDates,
examDates.generate,Generate my plan,Skep my plan,examDates,
examDates.footnote,Your schedule builds instantly and updates every day.,Jou skedule word dadelik gebou en elke dag opgedateer.,examDates,
manage.eyebrow,MANAGE MY PLANNER,BESTUUR MY PLANNER,manage,
manage.title,Update your ranking or exam dates,Verander jou rangskikking of eksamendatums,manage,
manage.tabSubjects,Subjects,Vakke,manage,
manage.tabRanking,Ranking,Rangskikking,manage,
manage.tabDates,Exam dates,Eksamendatums,manage,
manage.addSubjectLabel,Add a subject,Voeg 'n vak by,manage,
manage.searchPlaceholder,e.g. Mathematics,bv. Wiskunde,manage,
manage.customPlaceholder,Your subject name,Jou vak se naam,manage,
manage.add,Add,Voeg by,manage,
manage.addOwn,+ Add my own subject,+ Voeg my eie vak by,manage,
manage.yourSubjects,Your subjects,Jou vakke,manage,
manage.newSubjectNote,New subjects will need a confidence ranking and exam date before they show up in your plan.,Nuwe vakke het 'n selfvertroue-rangskikking en eksamendatum nodig voordat hulle in jou plan verskyn.,manage,
manage.removeSubjectAria,Remove {subject},Verwyder {subject},manage,Keep: {subject}
manage.scale,1 = weakest  ·  5 = strongest,1 = swakste  ·  5 = sterkste,manage,"Literal translation of ""weakest/strongest"" - check tone."
manage.scoreAria,{subject}: confidence {score},{subject}: selfvertroue {score},manage,Keep: {subject} {score}
manage.adding,Adding…,Voeg tans by…,manage,
manage.addDate,+ Add date,+ Voeg datum by,manage,
manage.removeDateAria,Remove {date} for {subject},Verwyder {date} vir {subject},manage,Keep: {date} {subject}
manage.updating,Updating your plan…,Werk tans jou plan op…,manage,
manage.addSubjectError,Could not add that subject. Try again.,Kon nie daardie vak byvoeg nie. Probeer weer.,manage,
manage.removeSubjectError,Could not remove that subject. Try again.,Kon nie daardie vak verwyder nie. Probeer weer.,manage,
manage.saveError,Could not save that. Try again.,Kon nie dit stoor nie. Probeer weer.,manage,
manage.minDate,Exam dates must be at least tomorrow - please pick a later date.,Eksamendatums moet minstens môre wees – kies asseblief 'n later datum.,manage,
manage.addDateError,Could not add that date. Try again.,Kon nie daardie datum byvoeg nie. Probeer weer.,manage,
manage.removeDateError,Could not remove that date. Try again.,Kon nie daardie datum verwyder nie. Probeer weer.,manage,
plan.heading,Today's plan (recommended),Vandag se plan (aanbeveel),plan,
plan.subheading,Here's what we recommend for today — feel free to amend it to suit you.,Dis wat ons vir vandag aanbeveel – verander dit gerus om by jou te pas.,plan,
plan.dateLine,"{weekday}, {dayMonth}","{weekday}, {dayMonth}",plan,Keep: {weekday} {dayMonth}
plan.fallbackName,there,daar,plan,
plan.greetings.g1,"Welcome back, champ!","Welkom terug, kampioen!",plan,
plan.greetings.g2,"Good to see you again, {name}!","Lekker om jou weer te sien, {name}!",plan,Keep: {name}
plan.greetings.g3,"Let's go again, {name}!","Kom ons gaan weer, {name}!",plan,Keep: {name}
plan.greetings.g4,"You showed up. That is already a win, {name}.","Jy het opgedaag. Dis reeds 'n wen, {name}.",plan,Keep: {name}
plan.greetings.g5,"Ready when you are, {name}.","Gereed wanneer jy is, {name}.",plan,Keep: {name}
plan.sessionMinutes,{minutes} min,{minutes} min,plan,Keep: {minutes}
plan.hideNotes,Hide topic notes,Versteek onderwerpnotas,plan,
plan.addNotes,Add topic notes,Voeg onderwerpnotas by,plan,
plan.removeSession,Remove {subject} session,Verwyder sessie: {subject},plan,Keep: {subject}
plan.markDone,Mark topic done,Merk onderwerp as klaar,plan,
plan.markNotDone,Mark topic not done,Merk onderwerp as nie klaar nie,plan,
plan.topicPlaceholder,What are you studying?,Wat studeer jy?,plan,
plan.allDoneTitle,You have finished all your current exams! 🎉,Jy is klaar met al jou huidige eksamens! 🎉,plan,
plan.allDoneBody,Add your next exam dates below to keep your study plan going.,Voeg jou volgende eksamendatums hieronder by om jou studieplan aan die gang te hou.,plan,
plan.examDone,Exam done — add your next date,Eksamen klaar – voeg jou volgende datum by,plan,Dash style - check punctuation.
plan.minDate,Exam dates must be at least tomorrow - please pick a later date.,Eksamendatums moet minstens môre wees – kies asseblief 'n later datum.,plan,
plan.adding,Adding…,Voeg tans by…,plan,
plan.addDate,+ Add date,+ Voeg datum by,plan,
plan.updateRanking,Want to update your subject ranking too? Manage my planner,Wil jy ook jou vak-rangskikking opdateer? Bestuur my planner,plan,
plan.addAnother,+ Add another session,+ Voeg nog 'n sessie by,plan,
share.share,Share,Deel,share,
share.preparing,Preparing…,Berei voor…,share,
share.shareAria,Share plan,Deel plan,share,
share.preparingAria,Preparing share,Berei deel voor,share,
share.error,Could not create the PDF. Try again.,Kon nie die PDF skep nie. Probeer weer.,share,
share.shareTitle,{name}'s study plan,{name} se studieplan,share,Keep: {name}
share.shareText,{name}'s study plan for {date},{name} se studieplan vir {date},share,Keep: {name} {date}
share.pdf.title,TODAY'S STUDY PLAN,VANDAG SE STUDIEPLAN,share,
share.pdf.forName,for {name},vir {name},share,Keep: {name}
share.pdf.empty,No sessions planned for today yet.,Nog geen sessies vir vandag beplan nie.,share,
share.pdf.done,Done,Klaar,share,
share.pdf.pending,Pending,Uitstaande,share,
share.pdf.upcoming,UPCOMING EXAM DATES,KOMENDE EKSAMENDATUMS,share,
share.pdf.when,"{days, plural, =0 {today} =1 {tomorrow} other {in # days}}","{days, plural, =0 {vandag} =1 {môre} other {oor # dae}}",share,Keep: {days} plural
share.pdf.eyebrow,SHARED FROM EMPOWERMINT,GEDEEL VANAF EMPOWERMINT,share,
share.pdf.headline,{name} is using the Smart Study Planner to stay on top of their studying. Give it a go.,{name} gebruik die Smart Study Planner om op top van hul studies te bly. Probeer dit gerus.,share,Printed on the shared PDF; keep Latin-1 characters only. | Keep: {name}
share.pdf.cta,Get started free,Begin gratis,share,
share.pdf.scan,SCAN TO START,SKANDEER OM TE BEGIN,share,
share.pdf.micro,no card required,geen kaart nodig nie,share,
install.bannerTitle,Add empowermint to your home screen,Voeg empowermint by jou tuisskerm,install,
install.bannerBody,"So you can jump straight back into your plan, just like any other app.","Dan kan jy net so weer by jou plan uitkom, soos enige ander app.",install,
install.dismiss,Dismiss,Maak toe,install,
install.addButton,Add to home screen,Voeg by tuisskerm,install,"Wording for the iOS/Android ""Add to Home Screen"" action - confirm."
install.modalTitle,Keep empowermint one tap away,Hou empowermint een tik weg,install,
install.iosStep1,Tap the Share icon in Safari's toolbar.,Tik op die Deel-ikoon in Safari se nutsbalk.,install,
install.iosStep2,Then scroll down and tap <b>Add to Home Screen</b>.,Blaai dan af en tik op <b>Add to Home Screen</b>.,install,Kept the English iOS menu name inside <b>: it must match the learner's phone language - confirm. | Keep: <b>
install.androidStep,Look for <b>Add to Home Screen</b> or <b>Install App</b> in your browser's menu.,Soek na <b>Add to Home Screen</b> of <b>Install App</b> in jou blaaier se kieslys.,install,Kept English menu names inside <b>: they follow the phone language - confirm. | Keep: <b>
install.gotIt,Got it,Reg so,install,
review.title,How is the SSP working for you so far?,Hoe werk die SSP tot dusver vir jou?,review,
review.subtitle,Your feedback helps us make it better.,Jou terugvoer help ons om dit beter te maak.,review,
review.starAria,"{count, plural, one {# star} other {# stars}}","{count, plural, one {# ster} other {# sterre}}",review,Keep: {count} plural
review.commentPlaceholder,Anything you would like to share? (optional),Wil jy iets deel? (opsioneel),review,
review.submit,Submit review,Dien resensie in,review,
review.submitting,Submitting…,Dien tans in…,review,
review.notNow,Not now,Nie nou nie,review,
review.saveError,Could not save that. Try again.,Kon nie dit stoor nie. Probeer weer.,review,
reflection.title,How did your {subject} exam go?,Hoe het jou eksamen in {subject} gegaan?,reflection,Keep: {subject}
reflection.subtitle,{date} — this helps us plan your next sessions.,{date} – dit help ons om jou volgende sessies te beplan.,reflection,Keep: {date}
reflection.saveError,Could not save that. Try again.,Kon nie dit stoor nie. Probeer weer.,reflection,
reflection.choices.tougher,Tougher than expected,Moeiliker as verwag,reflection,
reflection.choices.expected,About what I expected,Min of meer soos ek verwag het,reflection,
reflection.choices.better,Better than expected,Beter as verwag,reflection,
nav.primary,Primary,Hoofkieslys,nav,
nav.plan,Plan,Plan,nav,
nav.calendar,Calendar,Kalender,nav,
nav.manage,Manage,Bestuur,nav,
nav.exams,Exams,Eksamens,nav,
settings.aria,Settings,Instellings,settings,
settings.manage,Manage my planner,Bestuur my planner,settings,
settings.language,Language / Taal,Language / Taal,settings,
settings.addToHome,Add to Home Screen,Voeg by tuisskerm,settings,
settings.logout,Log out,Teken uit,settings,
exams.title,Exam dates,Eksamendatums,exams,
exams.loading,Loading…,Laai tans…,exams,
exams.empty,No subjects yet.,Nog geen vakke nie.,exams,
exams.daysBadge,"{days, plural, =0 {Today} =1 {1 day} other {# days}}","{days, plural, =0 {Vandag} =1 {1 dag} other {# dae}}",exams,Keep: {days} plural
exams.adding,Adding…,Voeg tans by…,exams,
exams.addDate,+ Add date,+ Voeg datum by,exams,
exams.removeAria,Remove {date} for {subject},Verwyder {date} vir {subject},exams,Keep: {date} {subject}
exams.pastPapers,Past papers →,Vorige vraestelle →,exams,
exams.minDate,Exam dates must be at least tomorrow - please pick a later date.,Eksamendatums moet minstens môre wees – kies asseblief 'n later datum.,exams,
exams.addError,Could not add that date. Try again.,Kon nie daardie datum byvoeg nie. Probeer weer.,exams,
exams.removeError,Could not remove that date. Try again.,Kon nie daardie datum verwyder nie. Probeer weer.,exams,
exams.upcoming,Upcoming exam dates,Komende eksamendatums,exams,
exams.examIn,{subject} exam in,Eksamen in {subject} oor,exams,Keep: {subject}
exams.daysCount,{days} days,{days} dae,exams,Keep: {days}
timer.eyebrow,FOCUS SESSION · {session} OF {total} TODAY,FOKUSSESSIE · {session} VAN {total} VANDAG,timer,Keep: {session} {total}
timer.studySession,Study session,Studiesessie,timer,
timer.status.green,REMAINING · PLENTY OF TIME,TYD OOR · BAIE TYD,timer,Status caption under the timer dial (uppercase).
timer.status.amber,REMAINING · STEADY PACE,TYD OOR · HOU DIE TEMPO,timer,Status caption under the timer dial (uppercase).
timer.status.red,REMAINING · ALMOST THERE,TYD OOR · AMPER DAAR,timer,Status caption under the timer dial (uppercase).
timer.pause,Pause,Onderbreek,timer,
timer.resume,Resume,Gaan voort,timer,
timer.end,End session,Beëindig sessie,timer,
timer.start,Start session,Begin sessie,timer,
timer.hintRunning,Session auto-logs to today's plan when it ends.,Die sessie word outomaties by vandag se plan aangeteken wanneer dit eindig.,timer,
timer.hintIdle,Tap Start when you're ready to focus.,Tik Begin wanneer jy gereed is om te fokus.,timer,
examTimer.durationHours,"{hours, plural, one {# hour} other {# hours}}","{hours, plural, one {# uur} other {# uur}}",examTimer,Keep: {hours} plural
examTimer.durationHoursMinutes,{hours} hr {minutes} min,{hours} uur {minutes} min,examTimer,Keep: {hours} {minutes}
examTimer.entry.title,Practice your exam timing,Oefen jou eksamentyd,examTimer,"Card title - ""exam timing""."
examTimer.entry.badge,New,Nuut,examTimer,
examTimer.entry.subtitle,Full-length countdown for your next paper,Volle-lengte aftelling vir jou volgende vraestel,examTimer,
examTimer.setup.eyebrow,Exam simulation set up,Eksamensimulasie-opstelling,examTimer,
examTimer.setup.intro,"Let's set up your exam simulation here. Enter from the drop down boxes, the subject you want to practice an exam for as well as the duration of this exam.","Kom ons stel jou eksamensimulasie hier op. Kies uit die lyste die vak waarvoor jy 'n eksamen wil oefen, asook hoe lank die eksamen duur.",examTimer,
examTimer.setup.subjectLabel,Select Subject,Kies vak,examTimer,
examTimer.setup.select,Select…,Kies…,examTimer,
examTimer.setup.timeLabel,Select time (number of hours),Kies tyd (aantal ure),examTimer,
examTimer.setup.go,Go to exam session,Gaan na eksamensessie,examTimer,
examTimer.session.eyebrow,Simulation exam timer session,Eksamensimulasie-tydhoudersessie,examTimer,
examTimer.session.subject,Subject:,Vak:,examTimer,
examTimer.session.duration,Duration:,Duur:,examTimer,
examTimer.session.studySession,Study session,Studiesessie,examTimer,
examTimer.session.minutes,{minutes} minutes,{minutes} minute,examTimer,Keep: {minutes}
examTimer.session.start,"Start, All The Best.","Begin, alles van die beste.",examTimer,
examTimer.session.pause,Pause,Onderbreek,examTimer,
examTimer.session.resume,Resume,Gaan voort,examTimer,
examTimer.session.endEarly,End session early,Beëindig sessie vroeg,examTimer,
examTimer.session.timesUp,TIME'S UP,TYD IS OP,examTimer,Headline when the exam countdown ends.
examTimer.session.howDidItGo,HOW DID IT GO?,HOE HET DIT GEGAAN?,examTimer,
examTimer.session.thumbsUp,Thumbs up,Duim op,examTimer,
examTimer.session.thumbsDown,Thumbs down,Duim af,examTimer,
examTimer.session.thanks,Thanks for the feedback,Dankie vir jou terugvoer,examTimer,
examTimer.session.back,Back to planner,Terug na planner,examTimer,
examTimer.status.green,Remaining · Plenty of time.,Tyd oor · Baie tyd.,examTimer,Status caption under the exam timer dial.
examTimer.status.amber,Remaining · Stay focused.,Tyd oor · Bly gefokus.,examTimer,Status caption under the exam timer dial.
examTimer.status.red,Remaining · Final stretch.,Tyd oor · Laaste stuk.,examTimer,Status caption under the exam timer dial.
calendar.title,Calendar view,Kalenderaansig,calendar,
calendar.subtitle,Tap a date to see what's on.,Tik op 'n datum om te sien wat aan die gang is.,calendar,
calendar.prevMonth,Previous month,Vorige maand,calendar,
calendar.nextMonth,Next month,Volgende maand,calendar,
calendar.legendExam,Exam day,Eksamendag,calendar,
calendar.legendToday,Today,Vandag,calendar,
calendar.legendStudy,Study session,Studiesessie,calendar,
calendar.legendMissed,Missed,Gemis,calendar,
calendar.empty,Nothing on file for this day.,Niks aangeteken vir hierdie dag nie.,calendar,
calendar.examLine,{subject} exam,Eksamen: {subject},calendar,Keep: {subject}
calendar.sessionLine,"{status, select, done {{subject} study session · done} missed {{subject} study session · missed} other {{subject} study session}}","{status, select, done {Studiesessie: {subject} · klaar} missed {Studiesessie: {subject} · gemis} other {Studiesessie: {subject}}}",calendar,Keep: {status} select {subject}
calendar.addSession,+ Add a study session,+ Voeg 'n studiesessie by,calendar,
sessionComplete.title,"Nice work.
Session complete.","Mooi so.
Sessie voltooi.",sessionComplete,Contains a line break (\n).
sessionComplete.logged,{minutes} minutes logged on <b>{subject}</b>.,{minutes} minute aangeteken vir <b>{subject}</b>.,sessionComplete,Keep: {minutes} <b> {subject}
sessionComplete.quotes.q1,Effort doesn't need to be perfect to count. It just needs to be repeated.,Moeite hoef nie perfek te wees om te tel nie. Dit moet net herhaal word.,sessionComplete,
sessionComplete.quotes.q2,The plan is not the goal. The plan is what gets you to the goal.,Die plan is nie die doel nie. Die plan is wat jou by die doel uitbring.,sessionComplete,
sessionComplete.quotes.q3,Confidence isn't something you wait for. It's built session by session.,Selfvertroue is nie iets waarop jy wag nie. Dit word sessie vir sessie gebou.,sessionComplete,
sessionComplete.quotes.q4,You don't need to feel ready. You need to show up.,Jy hoef nie gereed te voel nie. Jy moet net opdaag.,sessionComplete,
sessionComplete.quotes.q5,Every hour you put in now is a mark you don't have to worry about later.,"Elke uur wat jy nou insit, is 'n punt waaroor jy later nie hoef te sukkel nie.",sessionComplete,
sessionComplete.quotes.q6,The learner who plans beats the learner who panics — every time.,"Die leerder wat beplan, klop die leerder wat paniekerig raak – elke keer.",sessionComplete,
sessionComplete.quotes.q7,Progress is not always visible. But it is always real.,Vordering is nie altyd sigbaar nie. Maar dit is altyd werklik.,sessionComplete,
sessionComplete.quotes.q8,You are closer than you think.,Jy is nader as wat jy dink.,sessionComplete,
sessionComplete.quoteSource,— Mastering Your Studies,— Mastering Your Studies,sessionComplete,Kept in English on purpose: a title (Mastering Your Studies).
sessionComplete.whatsNext,What's next?,Wat volg?,sessionComplete,
sessionComplete.startNext,Start next: {subject},Begin volgende: {subject},sessionComplete,Keep: {subject}
sessionComplete.doneToday,You're done for today. Well done!,Jy is klaar vir vandag. Mooi gedoen!,sessionComplete,
sessionComplete.backToPlan,Back to Today's Plan,Terug na vandag se plan,sessionComplete,
sessionComplete.noPenalty,Your call — there's no penalty either way.,Dis jou keuse – daar is geen straf hoe ook al nie.,sessionComplete,
pastPapers.title,Past Exam Papers,Vorige eksamenvraestelle,pastPapers,
pastPapers.intro,Pick your board to go straight to the official papers and marking guidelines.,Kies jou eksamenraad om reguit na die amptelike vraestelle en nasienriglyne te gaan.,pastPapers,
pastPapers.cardSubtitle,Official NSC & IEB papers and memos.,Amptelike NSC- en IEB-vraestelle en memo's.,pastPapers,Must fit one/two lines on a 360px phone.
pastPapers.cardLocked,Unlocks in Grade 12,Ontsluit in Graad 12,pastPapers,
pastPapers.toastLocked,This unlocks once you're in Grade 12.,Dit ontsluit sodra jy in Graad 12 is.,pastPapers,
pastPapers.footnote,"Memos are a marking guideline, not a definitive answer key — used to guide, not to override, your own working.","Memo's is 'n nasienriglyn, nie 'n finale antwoordsleutel nie – gebruik dit om jou te lei, nie om jou eie werk te vervang nie.",pastPapers,
pastPapers.boards.caps.label,CAPS / NSC Papers,CAPS / NSC-vraestelle,pastPapers,
pastPapers.boards.caps.helper,"Department of Basic Education, papers back to 2008.","Departement van Basiese Onderwys, vraestelle tot 2008 terug.",pastPapers,
pastPapers.boards.ieb.label,IEB Papers,IEB-vraestelle,pastPapers,
pastPapers.boards.ieb.helper,"IEB's own portal, last 5 years.","Die IEB se eie portaal, die laaste 5 jaar.",pastPapers,
account.title,Account,Rekening,account,
account.signedInAs,Signed in as,Aangeteken as,account,
account.student,Student: {name},Leerder: {name},account,Keep: {name}
account.changePassword,Change password,Verander wagwoord,account,
account.contactUs,Contact us,Kontak ons,account,
account.contactBody,Questions or feedback? Email <link>ebrahim@empowermint.co.za</link>,Vrae of terugvoer? Stuur 'n e-pos aan <link>ebrahim@empowermint.co.za</link>,account,Keep: <link>
parentNotify.title,Keep your parent in the loop,Hou jou ouer in die kringloop,parentNotify,
parentNotify.intro,Add their email and we'll send a short weekly update on how studying's going — so you don't have to keep explaining yourself every night at dinner.,Voeg hul e-pos by en ons stuur 'n kort weeklikse opdatering oor hoe die studies gaan – sodat jy nie elke aand by die aandete jouself hoef te verduidelik nie.,parentNotify,
parentNotify.currentContact,Current contact:,Huidige kontak:,parentNotify,
parentNotify.confirmed,confirmed,bevestig,parentNotify,
parentNotify.waiting,waiting on confirmation,wag vir bevestiging,parentNotify,
parentNotify.placeholder,parent@email.com,ouer@epos.com,parentNotify,
parentNotify.sent,Sent! They'll get an email to confirm before anything goes out.,Gestuur! Hulle kry 'n e-pos om te bevestig voordat enigiets uitgaan.,parentNotify,
parentNotify.update,Update email,Verander e-pos,parentNotify,
parentNotify.add,Add my parent,Voeg my ouer by,parentNotify,
parentNotify.error,Something went wrong. Try again.,Iets het skeefgeloop. Probeer weer.,parentNotify,
